dt,x,y,position,velocity,acceleration,jerk,heading
0.010000,0.000000,0.000000,0.000300,0.059974,5.997415,599.741458,6.283157
0.010000,0.000000,0.000000,0.001499,0.179922,11.994829,599.741458,6.283163
0.010000,0.000000,0.000000,0.004198,0.359845,17.992244,599.741458,6.283176
0.010000,0.002996,0.000000,0.008996,0.599741,23.989658,599.741458,0.000015
0.010000,0.010493,0.000000,0.016493,0.899612,29.987073,599.741458,0.000052
0.010000,0.020988,0.000001,0.026988,1.199483,29.987073,-0.000000,0.000105
0.010000,0.034483,0.000003,0.040483,1.499354,29.987073,0.000000,0.000172
0.010000,0.050975,0.000006,0.056975,1.799224,29.987073,-0.000000,0.000255
0.010000,0.070467,0.000012,0.076467,2.099095,29.987073,0.000000,0.000352
0.010000,0.092957,0.000022,0.098957,2.398966,29.987073,-0.000000,0.000465
0.010000,0.118446,0.000035,0.124446,2.698837,29.987073,0.000000,0.000593
0.010000,0.146934,0.000054,0.152934,2.998707,29.987073,-0.000000,0.000735
0.010000,0.178420,0.000080,0.184420,3.298578,29.987073,-0.000000,0.000893
0.010000,0.212906,0.000113,0.218906,3.598449,29.987073,0.000000,0.001066
0.010000,0.250389,0.000157,0.256389,3.898319,29.987073,0.000000,0.001254
0.010000,0.290872,0.000212,0.296872,4.198190,29.987073,-0.000000,0.001457
0.010000,0.334353,0.000280,0.340353,4.498061,29.987073,0.000000,0.001675
0.010000,0.380833,0.000363,0.386833,4.797932,29.987073,-0.000000,0.001908
0.010000,0.430312,0.000464,0.436312,5.097802,29.987073,0.000000,0.002157
0.010000,0.482789,0.000584,0.488789,5.397673,29.987073,0.000000,0.002421
0.010000,0.538265,0.000726,0.544265,5.697544,29.987073,-0.000000,0.002700
0.010000,0.596739,0.000892,0.602740,5.997415,29.987073,0.000000,0.002994
0.010000,0.658212,0.001086,0.664214,6.297285,29.987073,-0.000000,0.003304
0.010000,0.722684,0.001309,0.728686,6.597156,29.987073,0.000000,0.003629
0.010000,0.790155,0.001566,0.796157,6.897027,29.987073,0.000000,0.003969
0.010000,0.860624,0.001858,0.866626,7.196897,29.987073,0.000000,0.004325
0.010000,0.934091,0.002189,0.940095,7.496768,29.987073,0.000000,0.004696
0.010000,1.010557,0.002563,1.016562,7.796639,29.987073,0.000000,0.005083
0.010000,1.090022,0.002983,1.096028,8.096510,29.987073,-0.000000,0.005485
0.010000,1.172485,0.003453,1.178492,8.396380,29.987073,0.000000,0.005903
0.010000,1.257947,0.003976,1.263955,8.696251,29.987073,-0.000000,0.006336
0.010000,1.346407,0.004556,1.352417,8.996122,29.987073,0.000000,0.006785
0.010000,1.437865,0.005198,1.443878,9.295993,29.987073,0.000000,0.007250
0.010000,1.532322,0.005905,1.538337,9.595863,29.987073,-0.000000,0.007731
0.010000,1.629777,0.006683,1.635795,9.895734,29.987073,0.000000,0.008227
0.010000,1.730230,0.007535,1.736252,10.195605,29.987073,-0.000000,0.008739
0.010000,1.833681,0.008466,1.839707,10.495476,29.987073,0.000000,0.009267
0.010000,1.940130,0.009482,1.946161,10.795346,29.987073,0.000000,0.009811
0.010000,2.049577,0.010586,2.055614,11.095217,29.987073,-0.000000,0.010372
0.010000,2.162022,0.011785,2.168065,11.395088,29.987073,0.000000,0.010948
0.010000,2.277465,0.013083,2.283516,11.694958,29.987073,-0.000000,0.011540
0.010000,2.395906,0.014486,2.401965,11.994829,29.987073,0.000000,0.012149
0.010000,2.517344,0.015999,2.523412,12.294700,29.987073,-0.000000,0.012774
0.010000,2.641780,0.017629,2.647859,12.594571,29.987073,0.000000,0.013415
0.010000,2.769213,0.019380,2.775304,12.894441,29.987073,0.000000,0.014073
0.010000,2.899643,0.021260,2.905747,13.194312,29.987073,-0.000000,0.014747
0.010000,3.033070,0.023274,3.039190,13.494183,29.987073,0.000000,0.015437
0.010000,3.169495,0.025428,3.175631,13.794054,29.987073,-0.000000,0.016145
0.010000,3.308915,0.027730,3.315071,14.093924,29.987073,0.000000,0.016869
0.010000,3.451333,0.030185,3.457510,14.393795,29.987073,0.000000,0.017610
0.010000,3.596747,0.032801,3.602947,14.693666,29.987073,-0.000000,0.018367
0.010000,3.745157,0.035585,3.751383,14.993536,29.987073,0.000000,0.019142
0.010000,3.896562,0.038543,3.902818,15.293407,29.987073,-0.000000,0.019934
0.010000,4.050964,0.041684,4.057251,15.593278,29.987073,0.000000,0.020742
0.010000,4.208361,0.045014,4.214683,15.893149,29.987073,-0.000000,0.021568
0.010000,4.368753,0.048542,4.375114,16.193019,29.987073,-0.000000,0.022412
0.010000,4.532140,0.052274,4.538543,16.492890,29.987073,0.000000,0.023272
0.010000,4.698521,0.056220,4.704972,16.792761,29.987073,0.000000,0.024150
0.010000,4.867897,0.060387,4.874399,17.092632,29.987073,0.000000,0.025046
0.010000,5.040267,0.064784,5.046824,17.392502,29.987073,-0.000000,0.025959
0.010000,5.215630,0.069419,5.222249,17.692373,29.987073,0.000000,0.026890
0.010000,5.393986,0.074301,5.400672,17.992244,29.987073,0.000000,0.027839
0.010000,5.575335,0.079439,5.582094,18.292114,29.987073,-0.000000,0.028806
0.010000,5.759676,0.084841,5.766514,18.591985,29.987073,0.000000,0.029791
0.010000,5.947010,0.090518,5.953933,18.891856,29.987073,-0.000000,0.030795
0.010000,6.137334,0.096478,6.144351,19.191727,29.987073,0.000000,0.031816
0.010000,6.330650,0.102731,6.337768,19.491597,29.987073,0.000000,0.032856
0.010000,6.526955,0.109287,6.534183,19.791468,29.987073,0.000000,0.033915
0.010000,6.726251,0.116156,6.733597,20.091339,29.987073,0.000000,0.034992
0.010000,6.928536,0.123349,6.936010,20.391210,29.987073,-0.000000,0.036087
0.010000,7.133810,0.130874,7.141421,20.691080,29.987073,0.000000,0.037202
0.010000,7.342071,0.138744,7.349832,20.990951,29.987073,0.000000,0.038336
0.010000,7.553320,0.146968,7.561240,21.290822,29.987073,-0.000000,0.039488
0.010000,7.767555,0.155558,7.775648,21.590692,29.987073,0.000000,0.040660
0.010000,7.984777,0.164524,7.993054,21.890563,29.987073,-0.000000,0.041852
0.010000,8.204983,0.173879,8.213459,22.190434,29.987073,0.000000,0.043063
0.010000,8.428174,0.183634,8.436863,22.490305,29.987073,0.000000,0.044293
0.010000,8.654348,0.193800,8.663265,22.790175,29.987073,0.000000,0.045543
0.010000,8.883504,0.204390,8.892666,23.090046,29.987073,0.000000,0.046813
0.010000,9.115642,0.215415,9.125066,23.389917,29.987073,-0.000000,0.048104
0.010000,9.350761,0.226888,9.360465,23.689788,29.987073,0.000000,0.049414
0.010000,9.588859,0.238822,9.598862,23.989658,29.987073,0.000000,0.050745
0.010000,9.829936,0.251229,9.840258,24.289529,29.987073,-0.000000,0.052096
0.010000,10.073991,0.264122,10.084653,24.589400,29.987073,0.000000,0.053468
0.010000,10.321021,0.277515,10.332046,24.889271,29.987073,-0.000000,0.054860
0.010000,10.571027,0.291422,10.582438,25.189141,29.987073,0.000000,0.056274
0.010000,10.824006,0.305855,10.835829,25.489012,29.987073,-0.000000,0.057708
0.010000,11.079958,0.320829,11.092218,25.788883,29.987073,0.000000,0.059164
0.010000,11.338881,0.336357,11.351606,26.088753,29.987073,-0.000000,0.060641
0.010000,11.600773,0.352455,11.613993,26.388624,29.987073,0.000000,0.062140
0.010000,11.865634,0.369137,11.879379,26.688495,29.987073,-0.000000,0.063660
0.010000,12.133461,0.386417,12.147763,26.988366,29.987073,0.000000,0.065203
0.010000,12.404254,0.404311,12.419146,27.288236,29.987073,-0.000000,0.066767
0.010000,12.678010,0.422834,12.693528,27.588107,29.987073,0.000000,0.068354
0.010000,12.954727,0.442002,12.970908,27.887978,29.987073,-0.000000,0.069963
0.010000,13.234404,0.461830,13.251288,28.187849,29.987073,0.000000,0.071595
0.010000,13.517039,0.482335,13.534665,28.487719,29.987073,-0.000000,0.073249
0.010000,13.802630,0.503532,13.821042,28.787590,29.987073,0.000000,0.074926
0.010000,14.091175,0.525439,14.110417,29.087461,29.987073,-0.000000,0.076627
0.010000,14.382671,0.548072,14.402791,29.387331,29.987073,0.000000,0.078351
0.010000,14.677118,0.571448,14.698164,29.687202,29.987073,0.000000,0.080098
0.010000,14.974511,0.595585,14.996535,29.987073,29.987073,0.000000,0.081869
0.010000,15.274849,0.620499,15.297905,30.286944,29.987073,-0.000000,0.083664
0.010000,15.578130,0.646210,15.602274,30.586814,29.987073,0.000000,0.085483
0.010000,15.884351,0.672735,15.909642,30.886685,29.987073,-0.000000,0.087326
0.010000,16.193509,0.700092,16.220008,31.186556,29.987073,0.000000,0.089194
0.010000,16.505602,0.728300,16.533373,31.486427,29.987073,-0.000000,0.091086
0.010000,16.820626,0.757379,16.849736,31.786297,29.987073,0.000000,0.093004
0.010000,17.138579,0.787346,17.169099,32.086168,29.987073,-0.000000,0.094946
0.010000,17.459458,0.818223,17.491460,32.386039,29.987073,-0.000000,0.096914
0.010000,17.783260,0.850028,17.816819,32.685909,29.987073,0.000000,0.098907
0.010000,18.109980,0.882782,18.145178,32.985780,29.987073,0.000000,0.100926
0.010000,18.439617,0.916504,18.476535,33.285651,29.987073,0.000000,0.102971
0.010000,18.772166,0.951217,18.810891,33.585522,29.987073,0.000000,0.105043
0.010000,19.107624,0.986940,19.148245,33.885392,29.987073,0.000000,0.107140
0.010000,19.445987,1.023695,19.488599,34.185263,29.987073,0.000000,0.109264
0.010000,19.787251,1.061503,19.831951,34.485134,29.987073,0.000000,0.111416
0.010000,20.131412,1.100387,20.178301,34.785005,29.987073,-0.000000,0.113594
0.010000,20.478466,1.140368,20.527651,35.084875,29.987073,0.000000,0.115799
0.010000,20.828408,1.181469,20.879999,35.384746,29.987073,-0.000000,0.118033
0.010000,21.181235,1.223713,21.235346,35.684617,29.987073,0.000000,0.120294
0.010000,21.536941,1.267123,21.593691,35.984487,29.987073,0.000000,0.122583
0.010000,21.895523,1.311721,21.955035,36.284358,29.987073,0.000000,0.124900
0.010000,22.256974,1.357533,22.319378,36.584229,29.987073,-0.000000,0.127246
0.010000,22.621290,1.404582,22.686720,36.884100,29.987073,0.000000,0.129620
0.010000,22.988466,1.452892,23.057060,37.183970,29.987073,-0.000000,0.132024
0.010000,23.358496,1.502489,23.430399,37.483841,29.987073,-0.000000,0.134457
0.010000,23.731374,1.553396,23.806737,37.783712,29.987073,0.000000,0.136919
0.010000,24.107096,1.605640,24.186074,38.083583,29.987073,0.000000,0.139411
0.010000,24.485654,1.659247,24.568409,38.383453,29.987073,-0.000000,0.141933
0.010000,24.867044,1.714241,24.953743,38.683324,29.987073,0.000000,0.144486
0.010000,25.251257,1.770651,25.342075,38.983195,29.987073,-0.000000,0.147069
0.010000,25.638289,1.828501,25.733407,39.283065,29.987073,0.000000,0.149682
0.010000,26.028131,1.887821,26.127737,39.582936,29.987073,0.000000,0.152327
0.010000,26.420778,1.948636,26.525065,39.882807,29.987073,0.000000,0.155003
0.010000,26.816222,2.010975,26.925393,40.182678,29.987073,0.000000,0.157711
0.010000,27.214455,2.074866,27.328719,40.482548,29.987073,0.000000,0.160451
0.010000,27.615471,2.140337,27.735044,40.782419,29.987073,-0.000000,0.163222
0.010000,28.019260,2.207417,28.144367,41.082290,29.987073,0.000000,0.166027
0.010000,28.425815,2.276136,28.556690,41.382161,29.987073,-0.000000,0.168863
0.010000,28.835128,2.346522,28.972010,41.682031,29.987073,0.000000,0.171733
0.010000,29.247190,2.418607,29.390330,41.981902,29.987073,0.000000,0.174636
0.010000,29.661992,2.492419,29.811649,42.281773,29.987073,0.000000,0.177572
0.010000,30.079525,2.567990,30.235966,42.581644,29.987073,-0.000000,0.180542
0.010000,30.499780,2.645351,30.663281,42.881514,29.987073,0.000000,0.183546
0.010000,30.922746,2.724534,31.093596,43.181385,29.987073,-0.000000,0.186585
0.010000,31.348415,2.805569,31.526909,43.481256,29.987073,-0.000000,0.189658
0.010000,31.776775,2.888488,31.963221,43.781126,29.987073,0.000000,0.192765
0.010000,32.207816,2.973326,32.402532,44.080997,29.987073,0.000000,0.195908
0.010000,32.641527,3.060113,32.844841,44.380868,29.987073,-0.000000,0.199086
0.010000,33.077897,3.148884,33.290149,44.680739,29.987073,0.000000,0.202300
0.010000,33.516914,3.239673,33.738456,44.980609,29.987073,-0.000000,0.205550
0.010000,33.958567,3.332512,34.189761,45.280480,29.987073,0.000000,0.208836
0.010000,34.402843,3.427436,34.644065,45.580351,29.987073,0.000000,0.212158
0.010000,34.849730,3.524480,35.101368,45.880222,29.987073,0.000000,0.215517
0.010000,35.299216,3.623680,35.561670,46.180092,29.987073,0.000000,0.218913
0.010000,35.751285,3.725070,36.024970,46.479963,29.987073,0.000000,0.222346
0.010000,36.205926,3.828686,36.491269,46.779834,29.987073,-0.000000,0.225817
0.010000,36.663124,3.934564,36.960567,47.079704,29.987073,0.000000,0.229325
0.010000,37.122864,4.042741,37.432863,47.379575,29.987073,0.000000,0.232871
0.010000,37.585133,4.153254,37.908158,47.679446,29.987073,0.000000,0.236456
0.010000,38.049914,4.266140,38.386452,47.979317,29.987073,0.000000,0.240079
0.010000,38.517192,4.381436,38.867745,48.279187,29.987073,-0.000000,0.243740
0.010000,38.986952,4.499181,39.352036,48.579058,29.987073,0.000000,0.247441
0.010000,39.459176,4.619412,39.839326,48.878929,29.987073,0.000000,0.251181
0.010000,39.933848,4.742169,40.329614,49.178800,29.987073,-0.000000,0.254960
0.010000,40.410950,4.867490,40.822902,49.478670,29.987073,-0.000000,0.258779
0.010000,40.890465,4.995415,41.319188,49.778541,29.987073,0.000000,0.262638
0.010000,41.372375,5.125982,41.818473,50.078412,29.987073,-0.000000,0.266536
0.010000,41.856661,5.259233,42.320756,50.378282,29.987073,0.000000,0.270475
0.010000,42.343303,5.395207,42.826038,50.678153,29.987073,0.000000,0.274455
0.010000,42.832283,5.533945,43.334319,50.978024,29.987073,-0.000000,0.278475
0.010000,43.323579,5.675487,43.845599,51.277895,29.987073,0.000000,0.282536
0.010000,43.817172,5.819876,44.359877,51.577765,29.987073,0.000000,0.286638
0.010000,44.313040,5.967152,44.877154,51.877636,29.987073,-0.000000,0.290781
0.010000,44.811161,6.117357,45.397430,52.177507,29.987073,-0.000000,0.294966
0.010000,45.311514,6.270534,45.920704,52.477378,29.987073,0.000000,0.299192
0.010000,45.814075,6.426724,46.446977,52.777248,29.987073,0.000000,0.303460
0.010000,46.318821,6.585970,46.976249,53.077119,29.987073,0.000000,0.307769
0.010000,46.825729,6.748315,47.508520,53.376990,29.987073,-0.000000,0.312121
0.010000,47.334774,6.913802,48.043789,53.676860,29.987073,0.000000,0.316514
0.010000,47.845931,7.082474,48.582057,53.976731,29.987073,0.000000,0.320950
0.010000,48.359175,7.254375,49.123323,54.276602,29.987073,-0.000000,0.325427
0.010000,48.874479,7.429548,49.667589,54.576473,29.987073,-0.000000,0.329947
0.010000,49.391817,7.608038,50.214853,54.876343,29.987073,0.000000,0.334510
0.010000,49.911162,7.789888,50.765116,55.176214,29.987073,-0.000000,0.339115
0.010000,50.432486,7.975142,51.318377,55.476085,29.987073,0.000000,0.343762
0.010000,50.955760,8.163846,51.874637,55.775956,29.987073,-0.000000,0.348451
0.010000,51.480956,8.356043,52.433896,56.075826,29.987073,0.000000,0.353183
0.010000,52.008043,8.551778,52.996154,56.375697,29.987073,0.000000,0.357958
0.010000,52.536991,8.751096,53.561410,56.675568,29.987073,0.000000,0.362775
0.010000,53.067770,8.954042,54.129665,56.975439,29.987073,-0.000000,0.367634
0.010000,53.600348,9.160660,54.700919,57.275309,29.987073,0.000000,0.372535
0.010000,54.134692,9.370996,55.275171,57.575180,29.987073,0.000000,0.377479
0.010000,54.670771,9.585094,55.852423,57.875051,29.987073,-0.000000,0.382465
0.010000,55.208550,9.803000,56.432672,58.174921,29.987073,-0.000000,0.387493
0.010000,55.747995,10.024758,57.015921,58.474792,29.987073,0.000000,0.392563
0.010000,56.289072,10.250414,57.602168,58.774663,29.987073,-0.000000,0.397674
0.010000,56.831746,10.480013,58.191414,59.074534,29.987073,0.000000,0.402827
0.010000,57.375980,10.713598,58.783659,59.374404,29.987073,-0.000000,0.408021
0.010000,57.921738,10.951216,59.378902,59.674275,29.987073,0.000000,0.413257
0.010000,58.468983,11.192910,59.977144,59.974146,29.987073,0.000000,0.418533
0.010000,59.017676,11.438725,60.578385,60.274017,29.987073,-0.000000,0.423850
0.010000,59.567780,11.688706,61.182625,60.573887,29.987073,-0.000000,0.429208
0.010000,60.119255,11.942897,61.789863,60.873758,29.987073,0.000000,0.434605
0.010000,60.672061,12.201341,62.400100,61.173629,29.987073,0.000000,0.440042
0.010000,61.226158,12.464083,63.013336,61.473499,29.987073,-0.000000,0.445518
0.010000,61.781505,12.731166,63.629570,61.773370,29.987073,-0.000000,0.451034
0.010000,62.338061,13.002633,64.248803,62.073241,29.987073,0.000000,0.456587
0.010000,62.895783,13.278527,64.871035,62.373112,29.987073,0.000000,0.462179
0.010000,63.454629,13.558890,65.496265,62.672982,29.987073,-0.000000,0.467809
0.010000,64.014555,13.843765,66.124494,62.972853,29.987073,0.000000,0.473475
0.010000,64.575517,14.133194,66.755722,63.272724,29.987073,0.000000,0.479179
0.010000,65.137471,14.427217,67.389949,63.572595,29.987073,0.000000,0.484918
0.010000,65.700372,14.725877,68.027174,63.872465,29.987073,-0.000000,0.490693
0.010000,66.264174,15.029213,68.667398,64.172336,29.987073,0.000000,0.496503
0.010000,66.828832,15.337265,69.310621,64.472207,29.987073,0.000000,0.502347
0.010000,67.394298,15.650073,69.956842,64.772077,29.987073,-0.000000,0.508225
0.010000,67.960526,15.967676,70.606062,65.071948,29.987073,0.000000,0.514136
0.010000,68.527468,16.290111,71.258281,65.371819,29.987073,0.000000,0.520080
0.010000,69.095077,16.617418,71.913499,65.671690,29.987073,0.000000,0.526054
0.010000,69.663303,16.949632,72.571715,65.971560,29.987073,0.000000,0.532060
0.010000,70.232098,17.286790,73.232930,66.271431,29.987073,0.000000,0.538096
0.010000,70.801414,17.628928,73.897144,66.571302,29.987073,-0.000000,0.544161
0.010000,71.371199,17.976081,74.564356,66.871173,29.987073,0.000000,0.550254
0.010000,71.941406,18.328283,75.234567,67.171043,29.987073,0.000000,0.556375
0.010000,72.511982,18.685568,75.907777,67.470914,29.987073,-0.000000,0.562522
0.010000,73.082879,19.047968,76.583985,67.770785,29.987073,0.000000,0.568695
0.010000,73.654044,19.415515,77.263193,68.070655,29.987073,0.000000,0.574893
0.010000,74.225428,19.788240,77.945399,68.370526,29.987073,0.000000,0.581115
0.010000,74.796978,20.166174,78.630603,68.670397,29.987073,-0.000000,0.587360
0.010000,75.368645,20.549345,79.318807,68.970268,29.987073,0.000000,0.593626
0.010000,75.940375,20.937782,80.010009,69.270138,29.987073,-0.000000,0.599914
0.010000,76.512117,21.331512,80.704209,69.570009,29.987073,0.000000,0.606221
0.010000,77.083820,21.730562,81.401409,69.869880,29.987073,0.000000,0.612546
0.010000,77.655432,22.134958,82.101607,70.169751,29.987073,-0.000000,0.618889
0.010000,78.226901,22.544723,82.804804,70.469621,29.987073,-0.000000,0.625249
0.010000,78.798175,22.959882,83.510999,70.769492,29.987073,0.000000,0.631624
0.010000,79.369202,23.380456,84.220194,71.069363,29.987073,0.000000,0.638013
0.010000,79.939930,23.806468,84.932387,71.369233,29.987073,0.000000,0.644415
0.010000,80.510309,24.237937,85.647578,71.669104,29.987073,0.000000,0.650829
0.010000,81.080286,24.674883,86.365769,71.968975,29.987073,0.000000,0.657253
0.010000,81.649810,25.117324,87.086958,72.268846,29.987073,0.000000,0.663687
0.010000,82.218830,25.565278,87.811146,72.568716,29.987073,0.000000,0.670129
0.010000,82.787296,26.018759,88.538332,72.868587,29.987073,-0.000000,0.676578
0.010000,83.355156,26.477784,89.268517,73.168458,29.987073,0.000000,0.683032
0.010000,83.922360,26.942366,90.001701,73.468329,29.987073,0.000000,0.689491
0.010000,84.488858,27.412517,90.737884,73.768199,29.987073,-0.000000,0.695953
0.010000,85.054602,27.888250,91.477065,74.068070,29.987073,-0.000000,0.702416
0.010000,85.619541,28.369575,92.219245,74.367941,29.987073,0.000000,0.708880
0.010000,86.183626,28.856500,92.964424,74.667812,29.987073,-0.000000,0.715344
0.010000,86.746811,29.349035,93.712602,74.967682,29.987073,0.000000,0.721805
0.010000,87.309047,29.847186,94.463778,75.267553,29.987073,0.000000,0.728263
0.010000,87.870287,30.350960,95.217953,75.567424,29.987073,0.000000,0.734716
0.010000,88.430484,30.860361,95.975126,75.867294,29.987073,0.000000,0.741164
0.010000,88.989592,31.375392,96.735298,76.167165,29.987073,0.000000,0.747604
0.010000,89.547567,31.896057,97.498469,76.467036,29.987073,0.000000,0.754035
0.010000,90.104363,32.422358,98.264639,76.766907,29.987073,-0.000000,0.760457
0.010000,90.659937,32.954293,99.033808,77.066777,29.987073,0.000000,0.766868
0.010000,91.214245,33.491864,99.805975,77.366648,29.987073,0.000000,0.773266
0.010000,91.767246,34.035068,100.581141,77.666519,29.987073,-0.000000,0.779651
0.010000,92.318896,34.583903,101.359305,77.966390,29.987073,0.000000,0.786021
0.010000,92.869157,35.138364,102.140468,78.266260,29.987073,0.000000,0.792375
0.010000,93.417987,35.698448,102.924630,78.566131,29.987073,-0.000000,0.798711
0.010000,93.965347,36.264148,103.711791,78.866002,29.987073,0.000000,0.805029
0.010000,94.511200,36.835458,104.501950,79.165872,29.987073,0.000000,0.811327
0.010000,95.055507,37.412369,105.295108,79.465743,29.987073,-0.000000,0.817603
0.010000,95.598234,37.994874,106.091265,79.765614,29.987073,0.000000,0.823858
0.010000,96.139343,38.582962,106.890421,80.065485,29.987073,0.000000,0.830090
0.010000,96.678801,39.176624,107.692575,80.365355,29.987073,0.000000,0.836297
0.010000,97.216575,39.775847,108.497728,80.665226,29.987073,-0.000000,0.842478
0.010000,97.752631,40.380621,109.305879,80.965097,29.987073,0.000000,0.848633
0.010000,98.286939,40.990931,110.117030,81.264968,29.987073,-0.000000,0.854760
0.010000,98.819467,41.606763,110.931179,81.564838,29.987073,0.000000,0.860858
0.010000,99.350187,42.228105,111.748326,81.864709,29.987073,0.000000,0.866926
0.010000,99.879070,42.854939,112.568473,82.164580,29.987073,-0.000000,0.872964
0.010000,100.406089,43.487249,113.391618,82.464450,29.987073,-0.000000,0.878969
0.010000,100.931217,44.125020,114.217762,82.764321,29.987073,0.000000,0.884942
0.010000,101.454430,44.768234,115.046905,83.064192,29.987073,0.000000,0.890881
0.010000,101.975704,45.416871,115.879046,83.364063,29.987073,0.000000,0.896785
0.010000,102.495015,46.070914,116.714186,83.663933,29.987073,0.000000,0.902653
0.010000,103.012342,46.730344,117.552324,83.963804,29.987073,0.000000,0.908485
0.010000,103.527665,47.395140,118.393462,84.263675,29.987073,0.000000,0.914280
0.010000,104.040962,48.065281,119.237598,84.563546,29.987073,0.000000,0.920036
0.010000,104.552216,48.740747,120.084733,84.863416,29.987073,0.000000,0.925753
0.010000,105.061410,49.421517,120.934866,85.163287,29.987073,-0.000000,0.931431
0.010000,105.568526,50.107567,121.787999,85.463158,29.987073,0.000000,0.937068
0.010000,106.073551,50.798877,122.644129,85.763028,29.987073,-0.000000,0.942664
0.010000,106.576469,51.495422,123.503259,86.062899,29.987073,0.000000,0.948217
0.010000,107.077267,52.197180,124.365387,86.362770,29.987073,0.000000,0.953729
0.010000,107.575934,52.904127,125.230514,86.662641,29.987073,-0.000000,0.959197
0.010000,108.072459,53.616239,126.098640,86.962511,29.987073,0.000000,0.964621
0.010000,108.566832,54.333491,126.969765,87.262382,29.987073,0.000000,0.970000
0.010000,109.059044,55.055860,127.843888,87.562253,29.987073,0.000000,0.975335
0.010000,109.549087,55.783321,128.721010,87.862124,29.987073,0.000000,0.980624
0.010000,110.036955,56.515847,129.601130,88.161994,29.987073,0.000000,0.985866
0.010000,110.522643,57.253415,130.484250,88.461865,29.987073,0.000000,0.991062
0.010000,111.006145,57.995998,131.370368,88.761736,29.987073,-0.000000,0.996211
0.010000,111.487458,58.743570,132.259484,89.061606,29.987073,0.000000,1.001313
0.010000,111.966580,59.496106,133.151600,89.361477,29.987073,0.000000,1.006366
0.010000,112.443508,60.253580,134.046714,89.661348,29.987073,-0.000000,1.011371
0.010000,112.918244,61.015965,134.944827,89.961219,29.987073,-0.000000,1.016327
0.010000,113.390786,61.783236,135.845938,90.261089,29.987073,0.000000,1.021234
0.010000,113.861136,62.555366,136.750049,90.560960,29.987073,-0.000000,1.026092
0.010000,114.329298,63.332328,137.657157,90.860831,29.987073,0.000000,1.030899
0.010000,114.795273,64.114096,138.567265,91.160702,29.987073,0.000000,1.035657
0.010000,115.259067,64.900643,139.480372,91.460572,29.987073,0.000000,1.040364
0.010000,115.720685,65.691943,140.396477,91.760443,29.987073,0.000000,1.045021
0.010000,116.180132,66.487970,141.315580,92.060314,29.987073,0.000000,1.049626
0.010000,116.637415,67.288697,142.237683,92.360185,29.987073,-0.000000,1.054180
0.010000,117.092543,68.094097,143.162784,92.660055,29.987073,0.000000,1.058683
0.010000,117.545524,68.904144,144.090884,92.959926,29.987073,0.000000,1.063135
0.010000,117.996368,69.718812,145.021983,93.259797,29.987073,-0.000000,1.067534
0.010000,118.445085,70.538073,145.956080,93.559667,29.987073,-0.000000,1.071882
0.010000,118.891686,71.361903,146.893176,93.859538,29.987073,0.000000,1.076178
0.010000,119.336184,72.190274,147.833271,94.159409,29.987073,-0.000000,1.080421
0.010000,119.778591,73.023160,148.776364,94.459280,29.987073,0.000000,1.084612
0.010000,120.218921,73.860536,149.722456,94.759150,29.987073,0.000000,1.088751
0.010000,120.657188,74.702376,150.671547,95.059021,29.987073,0.000000,1.092837
0.010000,121.093408,75.548654,151.623637,95.358892,29.987073,0.000000,1.096871
0.010000,121.527596,76.399343,152.578725,95.658763,29.987073,0.000000,1.100852
0.010000,121.959769,77.254420,153.536812,95.958633,29.987073,-0.000000,1.104780
0.010000,122.389945,78.113857,154.497898,96.258504,29.987073,-0.000000,1.108656
0.010000,122.818142,78.977631,155.461982,96.558375,29.987073,0.000000,1.112478
0.010000,123.244378,79.845716,156.429065,96.858245,29.987073,-0.000000,1.116248
0.010000,123.668674,80.718087,157.399147,97.158116,29.987073,0.000000,1.119965
0.010000,124.091049,81.594719,158.372227,97.457987,29.987073,0.000000,1.123629
0.010000,124.511524,82.475588,159.348307,97.757858,29.987073,-0.000000,1.127240
0.010000,124.930121,83.360669,160.327385,98.057728,29.987073,0.000000,1.130798
0.010000,125.346862,84.249939,161.309461,98.357599,29.987073,0.000000,1.134303
0.010000,125.761771,85.143373,162.294537,98.657470,29.987073,0.000000,1.137755
0.010000,126.174869,86.040946,163.282611,98.957341,29.987073,-0.000000,1.141154
0.010000,126.586183,86.942637,164.273683,99.257211,29.987073,0.000000,1.144501
0.010000,126.995736,87.848420,165.267755,99.557082,29.987073,-0.000000,1.147795
0.010000,127.403554,88.758273,166.264825,99.856953,29.987073,0.000000,1.151036
0.010000,127.809663,89.672173,167.264894,100.156823,29.987073,0.000000,1.154224
0.010000,128.214089,90.590096,168.267961,100.456694,29.987073,0.000000,1.157359
0.010000,128.616860,91.512020,169.274028,100.756565,29.987073,0.000000,1.160442
0.010000,129.018004,92.437922,170.283093,101.056436,29.987073,0.000000,1.163472
0.010000,129.417549,93.367780,171.295157,101.356306,29.987073,0.000000,1.166449
0.010000,129.815524,94.301572,172.310219,101.656177,29.987073,-0.000000,1.169374
0.010000,130.211958,95.239276,173.328280,101.956048,29.987073,0.000000,1.172246
0.010000,130.606882,96.180869,174.349340,102.255919,29.987073,0.000000,1.175066
0.010000,131.000326,97.126330,175.373398,102.555789,29.987073,-0.000000,1.177833
0.010000,131.392322,98.075638,176.400456,102.855660,29.987073,0.000000,1.180548
0.010000,131.782901,99.028771,177.430512,103.155531,29.987073,0.000000,1.183210
0.010000,132.172095,99.985708,178.463566,103.455401,29.987073,-0.000000,1.185820
0.010000,132.559939,100.946428,179.499620,103.755272,29.987073,0.000000,1.188378
0.010000,132.946464,101.910911,180.538672,104.055143,29.987073,-0.000000,1.190883
0.010000,133.331705,102.879135,181.580723,104.355014,29.987073,0.000000,1.193337
0.010000,133.715698,103.851081,182.625772,104.654884,29.987073,-0.000000,1.195738
0.010000,134.098476,104.826727,183.673820,104.954755,29.987073,0.000000,1.198087
0.010000,134.480075,105.806054,184.724867,105.254626,29.987073,-0.000000,1.200383
0.010000,134.860533,106.789041,185.778913,105.554497,29.987073,0.000000,1.202628
0.010000,135.239884,107.775669,186.835957,105.854367,29.987073,0.000000,1.204820
0.010000,135.618168,108.765917,187.896000,106.154238,29.987073,-0.000000,1.206961
0.010000,135.995421,109.759767,188.959042,106.454109,29.987073,0.000000,1.209049
0.010000,136.371683,110.757198,190.025082,106.753980,29.987073,0.000000,1.211085
0.010000,136.746991,111.758192,191.094121,107.053850,29.987073,0.000000,1.213069
0.010000,137.121387,112.762728,192.166159,107.353721,29.987073,0.000000,1.215001
0.010000,137.494909,113.770788,193.241196,107.653592,29.987073,0.000000,1.216880
0.010000,137.867598,114.782352,194.319231,107.953462,29.987073,-0.000000,1.218708
0.010000,138.239497,115.797402,195.400265,108.253333,29.987073,-0.000000,1.220483
0.010000,138.610646,116.815918,196.484298,108.553204,29.987073,0.000000,1.222206
0.010000,138.981088,117.837881,197.571329,108.853075,29.987073,-0.000000,1.223877
0.010000,139.350867,118.863273,198.661359,109.152945,29.987073,0.000000,1.225495
0.010000,139.720025,119.892076,199.754388,109.452816,29.987073,0.000000,1.227061
0.010000,140.088607,120.924269,200.850416,109.752687,29.987073,-0.000000,1.228575
0.010000,140.456658,121.959835,201.949442,110.052558,29.987073,0.000000,1.230035
0.010000,140.824223,122.998755,203.051467,110.352428,29.987073,0.000000,1.231444
0.010000,141.191349,124.041010,204.156490,110.652299,29.987073,0.000000,1.232799
0.010000,141.558081,125.086582,205.264513,110.952170,29.987073,0.000000,1.234102
0.010000,141.924468,126.135452,206.375534,111.252040,29.987073,-0.000000,1.235351
0.010000,142.290557,127.187601,207.489553,111.551911,29.987073,0.000000,1.236548
0.010000,142.656398,128.243012,208.606572,111.851782,29.987073,0.000000,1.237691
0.010000,143.022038,129.301664,209.726589,112.151653,29.987073,0.000000,1.238781
0.010000,143.387529,130.363540,210.849605,112.451523,29.987073,0.000000,1.239817
0.010000,143.752922,131.428621,211.975620,112.751394,29.987073,0.000000,1.240799
0.010000,144.118266,132.496888,213.104633,113.051265,29.987073,0.000000,1.241728
0.010000,144.483616,133.568322,214.236645,113.351136,29.987073,0.000000,1.242602
0.010000,144.849023,134.642905,215.371656,113.651006,29.987073,-0.000000,1.243422
0.010000,145.214541,135.720616,216.509665,113.950877,29.987073,0.000000,1.244188
0.010000,145.580224,136.801437,217.650673,114.250748,29.987073,0.000000,1.244898
0.010000,145.946128,137.885350,218.794680,114.550618,29.987073,-0.000000,1.245554
0.010000,146.312309,138.972333,219.941686,114.850489,29.987073,0.000000,1.246154
0.010000,146.678823,140.062369,221.091690,115.150360,29.987073,0.000000,1.246699
0.010000,147.045729,141.155436,222.244693,115.450231,29.987073,-0.000000,1.247188
0.010000,147.413083,142.251516,223.400694,115.750101,29.987073,0.000000,1.247620
0.010000,147.780946,143.350587,224.559695,116.049972,29.987073,-0.000000,1.247997
0.010000,148.149377,144.452631,225.721694,116.349843,29.987073,0.000000,1.248316
0.010000,148.518439,145.557626,226.886692,116.649714,29.987073,-0.000000,1.248578
0.010000,148.888097,146.665267,228.054388,116.889610,23.989658,-599.741458,1.248782
0.010000,149.258225,147.774964,229.224184,117.069533,17.992244,-599.741458,1.248928
0.010000,149.628697,148.886126,230.395479,117.189481,11.994829,-599.741458,1.249016
0.010000,149.999388,149.998164,231.567673,117.249346,5.986520,-600.830946,1.249046
0.010000,150.370079,151.110200,232.739866,117.189263,-6.008309,-1199.482916,1.249017
0.010000,150.740550,152.221360,233.911159,117.069206,-12.005724,-599.741458,1.248929
0.010000,151.110676,153.331054,235.080950,116.889174,-18.003139,-599.741458,1.248783
0.010000,151.480331,154.438690,236.248642,116.649169,-24.000553,-599.741458,1.248579
0.010000,151.849390,155.543680,237.413634,116.349298,-29.987073,-598.651970,1.248317
0.010000,152.217819,156.645719,238.575628,116.049427,-29.987073,0.000000,1.247998
0.010000,152.585679,157.744786,239.734623,115.749557,-29.987073,0.000000,1.247622
0.010000,152.953030,158.840861,240.890619,115.449686,-29.987073,0.000000,1.247189
0.010000,153.319931,159.933924,242.043617,115.149815,-29.987073,0.000000,1.246701
0.010000,153.686442,161.023955,243.193616,114.849944,-29.987073,0.000000,1.246156
0.010000,154.052618,162.110934,244.340616,114.550074,-29.987073,-0.000000,1.245556
0.010000,154.418518,163.194842,245.484617,114.250203,-29.987073,0.000000,1.244901
0.010000,154.784198,164.275659,246.625620,113.950332,-29.987073,0.000000,1.244190
0.010000,155.149711,165.353366,247.763624,113.650462,-29.987073,0.000000,1.243425
0.010000,155.515113,166.427945,248.898629,113.350591,-29.987073,-0.000000,1.242605
0.010000,155.880457,167.499375,250.030635,113.050720,-29.987073,0.000000,1.241731
0.010000,156.245797,168.567638,251.159643,112.750849,-29.987073,-0.000000,1.240803
0.010000,156.611184,169.632715,252.285652,112.450979,-29.987073,-0.000000,1.239820
0.010000,156.976669,170.694587,253.408663,112.151108,-29.987073,0.000000,1.238784
0.010000,157.342304,171.753236,254.528675,111.851237,-29.987073,-0.000000,1.237695
0.010000,157.708138,172.808642,255.645688,111.551366,-29.987073,-0.000000,1.236552
0.010000,158.074221,173.860788,256.759702,111.251496,-29.987073,0.000000,1.235356
0.010000,158.440601,174.909655,257.870718,110.951625,-29.987073,0.000000,1.234106
0.010000,158.807327,175.955223,258.978734,110.651754,-29.987073,-0.000000,1.232804
0.010000,159.174446,176.997475,260.083753,110.351884,-29.987073,0.000000,1.231449
0.010000,159.542004,178.036392,261.185772,110.052013,-29.987073,0.000000,1.230041
0.010000,159.910047,179.071955,262.284793,109.752142,-29.987073,0.000000,1.228580
0.010000,160.278622,180.104145,263.380815,109.452271,-29.987073,-0.000000,1.227067
0.010000,160.647772,181.132944,264.473838,109.152401,-29.987073,0.000000,1.225501
0.010000,161.017543,182.158333,265.563863,108.852530,-29.987073,0.000000,1.223883
0.010000,161.387977,183.180294,266.650889,108.552659,-29.987073,0.000000,1.222212
0.010000,161.759118,184.198807,267.734916,108.252788,-29.987073,0.000000,1.220490
0.010000,162.131008,185.213854,268.815945,107.952918,-29.987073,-0.000000,1.218715
0.010000,162.503689,186.225416,269.893974,107.653047,-29.987073,0.000000,1.216887
0.010000,162.877202,187.233473,270.969006,107.353176,-29.987073,0.000000,1.215008
0.010000,163.251588,188.238007,272.041038,107.053305,-29.987073,-0.000000,1.213076
0.010000,163.626887,189.238998,273.110072,106.753435,-29.987073,0.000000,1.211092
0.010000,164.003139,190.236427,274.176107,106.453564,-29.987073,-0.000000,1.209057
0.010000,164.380382,191.230275,275.239143,106.153693,-29.987073,-0.000000,1.206969
0.010000,164.758656,192.220522,276.299181,105.853823,-29.987073,0.000000,1.204829
0.010000,165.137997,193.207148,277.356219,105.553952,-29.987073,0.000000,1.202636
0.010000,165.518444,194.190133,278.410260,105.254081,-29.987073,0.000000,1.200392
0.010000,165.900033,195.169458,279.461301,104.954210,-29.987073,-0.000000,1.198096
0.010000,166.282800,196.145103,280.509344,104.654340,-29.987073,0.000000,1.195747
0.010000,166.666781,197.117047,281.554388,104.354469,-29.987073,-0.000000,1.193346
0.010000,167.052011,198.085270,282.596433,104.054598,-29.987073,0.000000,1.190893
0.010000,167.438525,199.049751,283.635480,103.754727,-29.987073,0.000000,1.188388
0.010000,167.826356,200.010470,284.671528,103.454857,-29.987073,0.000000,1.185830
0.010000,168.215539,200.967407,285.704577,103.154986,-29.987073,0.000000,1.183221
0.010000,168.606106,201.920539,286.734627,102.855115,-29.987073,0.000000,1.180558
0.010000,168.998089,202.869846,287.761679,102.555245,-29.987073,0.000000,1.177844
0.010000,169.391520,203.815306,288.785732,102.255374,-29.987073,-0.000000,1.175077
0.010000,169.786431,204.756899,289.806787,101.955503,-29.987073,0.000000,1.172257
0.010000,170.182852,205.694602,290.824842,101.655632,-29.987073,0.000000,1.169385
0.010000,170.580814,206.628394,291.839899,101.355762,-29.987073,-0.000000,1.166461
0.010000,170.980345,207.558252,292.851958,101.055891,-29.987073,0.000000,1.163484
0.010000,171.381475,208.484154,293.861017,100.756020,-29.987073,-0.000000,1.160454
0.010000,171.784232,209.406078,294.867078,100.456149,-29.987073,-0.000000,1.157372
0.010000,172.188645,210.324002,295.870140,100.156279,-29.987073,0.000000,1.154237
0.010000,172.594739,211.237902,296.870204,99.856408,-29.987073,-0.000000,1.151049
0.010000,173.002542,212.147755,297.867268,99.556537,-29.987073,-0.000000,1.147808
0.010000,173.412081,213.053539,298.861334,99.256667,-29.987073,0.000000,1.144515
0.010000,173.823379,213.955231,299.852402,98.956796,-29.987073,0.000000,1.141169
0.010000,174.236463,214.852806,300.840470,98.656925,-29.987073,-0.000000,1.137770
0.010000,174.651355,215.746240,301.825540,98.357054,-29.987073,0.000000,1.134318
0.010000,175.068081,216.635511,302.807611,98.057184,-29.987073,0.000000,1.130813
0.010000,175.486662,217.520594,303.786684,97.757313,-29.987073,0.000000,1.127255
0.010000,175.907121,218.401465,304.762758,97.457442,-29.987073,-0.000000,1.123644
0.010000,176.329480,219.278099,305.735833,97.157571,-29.987073,0.000000,1.119981
0.010000,176.753759,220.150472,306.705909,96.857701,-29.987073,0.000000,1.116264
0.010000,177.179978,221.018559,307.672987,96.557830,-29.987073,0.000000,1.112495
0.010000,177.608158,221.882335,308.637066,96.257959,-29.987073,0.000000,1.108673
0.010000,178.038317,222.741775,309.598146,95.958089,-29.987073,-0.000000,1.104797
0.010000,178.470473,223.596854,310.556227,95.658218,-29.987073,0.000000,1.100870
0.010000,178.904643,224.447547,311.511310,95.358347,-29.987073,0.000000,1.096889
0.010000,179.340845,225.293827,312.463394,95.058476,-29.987073,-0.000000,1.092856
0.010000,179.779095,226.135670,313.412480,94.758606,-29.987073,0.000000,1.088770
0.010000,180.219406,226.973050,314.358566,94.458735,-29.987073,-0.000000,1.084631
0.010000,180.661795,227.805940,315.301654,94.158864,-29.987073,-0.000000,1.080441
0.010000,181.106274,228.634315,316.241744,93.858993,-29.987073,0.000000,1.076197
0.010000,181.552856,229.458148,317.178834,93.559123,-29.987073,0.000000,1.071902
0.010000,182.001554,230.277414,318.112926,93.259252,-29.987073,0.000000,1.067555
0.010000,182.452378,231.092086,319.044019,92.959381,-29.987073,0.000000,1.063155
0.010000,182.905340,231.902138,319.972114,92.659511,-29.987073,-0.000000,1.058704
0.010000,183.360448,232.707542,320.897210,92.359640,-29.987073,0.000000,1.054202
0.010000,183.817712,233.508274,321.819307,92.059769,-29.987073,0.000000,1.049648
0.010000,184.277139,234.304306,322.738405,91.759898,-29.987073,0.000000,1.045042
0.010000,184.738736,235.095612,323.654505,91.460028,-29.987073,0.000000,1.040386
0.010000,185.202510,235.882165,324.567606,91.160157,-29.987073,0.000000,1.035680
0.010000,185.668465,236.663939,325.477708,90.860286,-29.987073,0.000000,1.030922
0.010000,186.136606,237.440907,326.384811,90.560415,-29.987073,-0.000000,1.026115
0.010000,186.606935,238.213043,327.288916,90.260545,-29.987073,-0.000000,1.021258
0.010000,187.079457,238.980321,328.190022,89.960674,-29.987073,0.000000,1.016351
0.010000,187.554171,239.742713,329.088130,89.660803,-29.987073,0.000000,1.011395
0.010000,188.031078,240.500194,329.983238,89.360932,-29.987073,-0.000000,1.006391
0.010000,188.510178,241.252737,330.875348,89.061062,-29.987073,0.000000,1.001338
0.010000,188.991469,242.000317,331.764459,88.761191,-29.987073,-0.000000,0.996237
0.010000,189.474949,242.742908,332.650572,88.461320,-29.987073,0.000000,0.991088
0.010000,189.960615,243.480483,333.533686,88.161450,-29.987073,0.000000,0.985892
0.010000,190.448460,244.213018,334.413801,87.861579,-29.987073,0.000000,0.980650
0.010000,190.938481,244.940487,335.290917,87.561708,-29.987073,-0.000000,0.975361
0.010000,191.430671,245.662865,336.165035,87.261837,-29.987073,0.000000,0.970027
0.010000,191.925021,246.380126,337.036154,86.961967,-29.987073,0.000000,0.964648
0.010000,192.421523,247.092248,337.904274,86.662096,-29.987073,-0.000000,0.959224
0.010000,192.920167,247.799204,338.769396,86.362225,-29.987073,0.000000,0.953757
0.010000,193.420943,248.500972,339.631519,86.062354,-29.987073,0.000000,0.948246
0.010000,193.923837,249.197527,340.490643,85.762484,-29.987073,-0.000000,0.942693
0.010000,194.428839,249.888847,341.346769,85.462613,-29.987073,0.000000,0.937097
0.010000,194.935932,250.574908,342.199895,85.162742,-29.987073,0.000000,0.931460
0.010000,195.445102,251.255688,343.050024,84.862872,-29.987073,-0.000000,0.925783
0.010000,195.956332,251.931165,343.897153,84.563001,-29.987073,0.000000,0.920066
0.010000,196.469606,252.601318,344.741284,84.263130,-29.987073,0.000000,0.914310
0.010000,196.984904,253.266125,345.582415,83.963259,-29.987073,-0.000000,0.908516
0.010000,197.502207,253.925567,346.420549,83.663389,-29.987073,0.000000,0.902685
0.010000,198.021495,254.579622,347.255683,83.363518,-29.987073,-0.000000,0.896816
0.010000,198.542744,255.228272,348.087819,83.063647,-29.987073,0.000000,0.890913
0.010000,199.065933,255.871498,348.916956,82.763776,-29.987073,0.000000,0.884974
0.010000,199.591038,256.509282,349.743095,82.463906,-29.987073,0.000000,0.879002
0.010000,200.118032,257.141606,350.566234,82.164035,-29.987073,-0.000000,0.872997
0.010000,200.646891,257.768453,351.386375,81.864164,-29.987073,0.000000,0.866960
0.010000,201.177586,258.389808,352.203518,81.564294,-29.987073,0.000000,0.860892
0.010000,201.710090,259.005655,353.017661,81.264423,-29.987073,0.000000,0.854794
0.010000,202.244373,259.615979,353.828806,80.964552,-29.987073,0.000000,0.848667
0.010000,202.780405,260.220766,354.636952,80.664681,-29.987073,-0.000000,0.842513
0.010000,203.318154,260.820005,355.442100,80.364811,-29.987073,0.000000,0.836332
0.010000,203.857588,261.413681,356.244248,80.064940,-29.987073,0.000000,0.830125
0.010000,204.398673,262.001785,357.043398,79.765069,-29.987073,0.000000,0.823894
0.010000,204.941374,262.584305,357.839550,79.465198,-29.987073,0.000000,0.817639
0.010000,205.485657,263.161232,358.632702,79.165328,-29.987073,0.000000,0.811363
0.010000,206.031486,263.732558,359.422856,78.865457,-29.987073,0.000000,0.805065
0.010000,206.578821,264.298274,360.210012,78.565586,-29.987073,0.000000,0.798748
0.010000,207.127627,264.858374,360.994168,78.265716,-29.987073,-0.000000,0.792412
0.010000,207.677863,265.412852,361.775326,77.965845,-29.987073,0.000000,0.786058
0.010000,208.229489,265.961703,362.553485,77.665974,-29.987073,0.000000,0.779689
0.010000,208.782465,266.504925,363.328645,77.366103,-29.987073,0.000000,0.773304
0.010000,209.336749,267.042513,364.100807,77.066233,-29.987073,0.000000,0.766906
0.010000,209.892298,267.574466,364.869970,76.766362,-29.987073,-0.000000,0.760496
0.010000,210.449070,268.100784,365.636134,76.466491,-29.987073,-0.000000,0.754074
0.010000,211.007021,268.621467,366.399300,76.166620,-29.987073,0.000000,0.747643
0.010000,211.566105,269.136517,367.159467,75.866750,-29.987073,-0.000000,0.741203
0.010000,212.126278,269.645936,367.916635,75.566879,-29.987073,-0.000000,0.734756
0.010000,212.687494,270.149728,368.670804,75.267008,-29.987073,0.000000,0.728303
0.010000,213.249705,270.647898,369.421975,74.967137,-29.987073,0.000000,0.721845
0.010000,213.812866,271.140452,370.170147,74.667267,-29.987073,-0.000000,0.715384
0.010000,214.376928,271.627397,370.915320,74.367396,-29.987073,0.000000,0.708921
0.010000,214.941844,272.108741,371.657495,74.067525,-29.987073,0.000000,0.702457
0.010000,215.507563,272.584493,372.396671,73.767655,-29.987073,0.000000,0.695993
0.010000,216.074039,273.054664,373.132848,73.467784,-29.987073,0.000000,0.689532
0.010000,216.641219,273.519266,373.866027,73.167913,-29.987073,0.000000,0.683073
0.010000,217.209056,273.978311,374.596206,72.868042,-29.987073,-0.000000,0.676619
0.010000,217.777498,274.431813,375.323387,72.568172,-29.987073,0.000000,0.670171
0.010000,218.346495,274.879787,376.047570,72.268301,-29.987073,-0.000000,0.663729
0.010000,218.915997,275.322248,376.768753,71.968430,-29.987073,-0.000000,0.657295
0.010000,219.485951,275.759215,377.486938,71.668559,-29.987073,0.000000,0.650871
0.010000,220.056307,276.190705,378.202125,71.368689,-29.987073,0.000000,0.644457
0.010000,220.627014,276.616737,378.914312,71.068818,-29.987073,-0.000000,0.638055
0.010000,221.198018,277.037333,379.623501,70.768947,-29.987073,0.000000,0.631667
0.010000,221.769270,277.452512,380.329691,70.469077,-29.987073,0.000000,0.625292
0.010000,222.340717,277.862299,381.032882,70.169206,-29.987073,0.000000,0.618932
0.010000,222.912307,278.266716,381.733075,69.869335,-29.987073,0.000000,0.612589
0.010000,223.483988,278.665788,382.430269,69.569464,-29.987073,0.000000,0.606264
0.010000,224.055709,279.059540,383.124464,69.269594,-29.987073,0.000000,0.599957
0.010000,224.627418,279.447998,383.815661,68.969723,-29.987073,0.000000,0.593670
0.010000,225.199063,279.831191,384.503859,68.669852,-29.987073,-0.000000,0.587403
0.010000,225.770593,280.209146,385.189058,68.369981,-29.987073,0.000000,0.581159
0.010000,226.341956,280.581893,385.871259,68.070111,-29.987073,-0.000000,0.574937
0.010000,226.913101,280.949462,386.550460,67.770240,-29.987073,0.000000,0.568739
0.010000,227.483977,281.311884,387.226663,67.470369,-29.987073,-0.000000,0.562566
0.010000,228.054533,281.669191,387.899868,67.170499,-29.987073,0.000000,0.556419
0.010000,228.624720,282.021415,388.570073,66.870628,-29.987073,0.000000,0.550298
0.010000,229.194485,282.368590,389.237280,66.570757,-29.987073,0.000000,0.544204
0.010000,229.763781,282.710750,389.901488,66.270886,-29.987073,-0.000000,0.538140
0.010000,230.332557,283.047931,390.562698,65.971016,-29.987073,0.000000,0.532104
0.010000,230.900764,283.380167,391.220909,65.671145,-29.987073,0.000000,0.526098
0.010000,231.468353,283.707496,391.876121,65.371274,-29.987073,0.000000,0.520124
0.010000,232.035277,284.029953,392.528334,65.071403,-29.987073,0.000000,0.514180
0.010000,232.601486,284.347578,393.177549,64.771533,-29.987073,-0.000000,0.508269
0.010000,233.166934,284.660409,393.823765,64.471662,-29.987073,-0.000000,0.502391
0.010000,233.731573,284.968483,394.466982,64.171791,-29.987073,0.000000,0.496547
0.010000,234.295357,285.271841,395.107201,63.871921,-29.987073,-0.000000,0.490737
0.010000,234.858240,285.570523,395.744421,63.572050,-29.987073,0.000000,0.484962
0.010000,235.420176,285.864568,396.378642,63.272179,-29.987073,0.000000,0.479223
0.010000,235.981121,286.154019,397.009864,62.972308,-29.987073,0.000000,0.473519
0.010000,236.541029,286.438917,397.638088,62.672438,-29.987073,-0.000000,0.467853
0.010000,237.099858,286.719302,398.263313,62.372567,-29.987073,-0.000000,0.462223
0.010000,237.657563,286.995218,398.885539,62.072696,-29.987073,0.000000,0.456631
0.010000,238.214102,287.266707,399.504767,61.772825,-29.987073,0.000000,0.451077
0.010000,238.769433,287.533811,400.120996,61.472955,-29.987073,0.000000,0.445562
0.010000,239.323514,287.796575,400.734226,61.173084,-29.987073,0.000000,0.440086
0.010000,239.876304,288.055041,401.344457,60.873213,-29.987073,-0.000000,0.434648
0.010000,240.427763,288.309253,401.951690,60.573343,-29.987073,-0.000000,0.429251
0.010000,240.977850,288.559256,402.555924,60.273472,-29.987073,0.000000,0.423894
0.010000,241.526528,288.805093,403.157160,59.973601,-29.987073,-0.000000,0.418577
0.010000,242.073757,289.046809,403.755396,59.673730,-29.987073,-0.000000,0.413300
0.010000,242.619500,289.284448,404.350634,59.373860,-29.987073,0.000000,0.408065
0.010000,243.163719,289.518055,404.942873,59.073989,-29.987073,-0.000000,0.402870
0.010000,243.706378,289.747674,405.532114,58.774118,-29.987073,-0.000000,0.397717
0.010000,244.247440,289.973351,406.118356,58.474247,-29.987073,0.000000,0.392606
0.010000,244.786871,290.195131,406.701599,58.174377,-29.987073,-0.000000,0.387536
0.010000,245.324636,290.413058,407.281843,57.874506,-29.987073,0.000000,0.382508
0.010000,245.860700,290.627177,407.859089,57.574635,-29.987073,0.000000,0.377522
0.010000,246.395030,290.837534,408.433336,57.274764,-29.987073,-0.000000,0.372578
0.010000,246.927594,291.044173,409.004584,56.974894,-29.987073,0.000000,0.367676
0.010000,247.458359,291.247139,409.572834,56.675023,-29.987073,0.000000,0.362817
0.010000,247.987294,291.446478,410.138085,56.375152,-29.987073,-0.000000,0.358000
0.010000,248.514368,291.642233,410.700337,56.075282,-29.987073,0.000000,0.353226
0.010000,249.039550,291.834451,411.259590,55.775411,-29.987073,0.000000,0.348493
0.010000,249.562811,292.023174,411.815845,55.475540,-29.987073,0.000000,0.343804
0.010000,250.084122,292.208449,412.369101,55.175669,-29.987073,-0.000000,0.339156
0.010000,250.603454,292.390319,412.919359,54.875799,-29.987073,0.000000,0.334552
0.010000,251.120780,292.568828,413.466617,54.575928,-29.987073,-0.000000,0.329989
0.010000,251.636072,292.744021,414.010877,54.276057,-29.987073,0.000000,0.325469
0.010000,252.149303,292.915942,414.552138,53.976186,-29.987073,-0.000000,0.320991
0.010000,252.660448,293.084633,415.090401,53.676316,-29.987073,0.000000,0.316556
0.010000,253.169481,293.250140,415.625665,53.376445,-29.987073,0.000000,0.312162
0.010000,253.676377,293.412504,416.157930,53.076574,-29.987073,0.000000,0.307810
0.010000,254.181112,293.571769,416.687196,52.776704,-29.987073,-0.000000,0.303501
0.010000,254.683661,293.727978,417.213464,52.476833,-29.987073,0.000000,0.299233
0.010000,255.184002,293.881173,417.736733,52.176962,-29.987073,-0.000000,0.295007
0.010000,255.682112,294.031397,418.257003,51.877091,-29.987073,0.000000,0.290822
0.010000,256.177969,294.178692,418.774275,51.577221,-29.987073,0.000000,0.286679
0.010000,256.671551,294.323099,419.288548,51.277350,-29.987073,-0.000000,0.282577
0.010000,257.162836,294.464660,419.799822,50.977479,-29.987073,0.000000,0.278515
0.010000,257.651805,294.603416,420.308097,50.677608,-29.987073,0.000000,0.274495
0.010000,258.138436,294.739408,420.813374,50.377738,-29.987073,-0.000000,0.270515
0.010000,258.622712,294.872676,421.315652,50.077867,-29.987073,0.000000,0.266576
0.010000,259.104611,295.003262,421.814931,49.777996,-29.987073,0.000000,0.262677
0.010000,259.584116,295.131204,422.311212,49.478126,-29.987073,0.000000,0.258819
0.010000,260.061208,295.256542,422.804494,49.178255,-29.987073,-0.000000,0.255000
0.010000,260.535870,295.379316,423.294777,48.878384,-29.987073,0.000000,0.251220
0.010000,261.008084,295.499565,423.782061,48.578513,-29.987073,-0.000000,0.247480
0.010000,261.477834,295.617327,424.266347,48.278643,-29.987073,0.000000,0.243780
0.010000,261.945102,295.732640,424.747634,47.978772,-29.987073,-0.000000,0.240118
0.010000,262.409874,295.845542,425.225923,47.678901,-29.987073,0.000000,0.236495
0.010000,262.872132,295.956072,425.701212,47.379030,-29.987073,0.000000,0.232910
0.010000,263.331863,296.064266,426.173503,47.079160,-29.987073,0.000000,0.229364
0.010000,263.789052,296.170160,426.642795,46.779289,-29.987073,-0.000000,0.225855
0.010000,264.243683,296.273793,427.109089,46.479418,-29.987073,0.000000,0.222384
0.010000,264.695744,296.375199,427.572384,46.179548,-29.987073,0.000000,0.218951
0.010000,265.145220,296.474414,428.032680,45.879677,-29.987073,0.000000,0.215555
0.010000,265.592098,296.571474,428.489977,45.579806,-29.987073,0.000000,0.212196
0.010000,266.036365,296.666414,428.944276,45.279935,-29.987073,0.000000,0.208874
0.010000,266.478009,296.759269,429.395576,44.980065,-29.987073,0.000000,0.205588
0.010000,266.917018,296.850072,429.843877,44.680194,-29.987073,0.000000,0.202338
0.010000,267.353379,296.938859,430.289180,44.380323,-29.987073,-0.000000,0.199124
0.010000,267.787082,297.025661,430.731484,44.080452,-29.987073,0.000000,0.195946
0.010000,268.218114,297.110514,431.170789,43.780582,-29.987073,0.000000,0.192803
0.010000,268.646466,297.193449,431.607095,43.480711,-29.987073,-0.000000,0.189695
0.010000,269.072126,297.274498,432.040403,43.180840,-29.987073,0.000000,0.186622
0.010000,269.495084,297.353695,432.470712,42.880969,-29.987073,0.000000,0.183583
0.010000,269.915330,297.431070,432.898023,42.581099,-29.987073,-0.000000,0.180579
0.010000,270.332855,297.506656,433.322334,42.281228,-29.987073,0.000000,0.177609
0.010000,270.747649,297.580483,433.743647,41.981357,-29.987073,-0.000000,0.174672
0.010000,271.159703,297.652581,434.161961,41.681487,-29.987073,0.000000,0.171769
0.010000,271.569008,297.722982,434.577277,41.381616,-29.987073,0.000000,0.168900
0.010000,271.975556,297.791714,434.989594,41.081745,-29.987073,0.000000,0.166063
0.010000,272.379337,297.858808,435.398912,40.781874,-29.987073,0.000000,0.163258
0.010000,272.780345,297.924293,435.805231,40.482004,-29.987073,0.000000,0.160487
0.010000,273.178571,297.988197,436.208552,40.182133,-29.987073,-0.000000,0.157747
0.010000,273.574007,298.050549,436.608874,39.882262,-29.987073,0.000000,0.155039
0.010000,273.966646,298.111378,437.006197,39.582391,-29.987073,-0.000000,0.152363
0.010000,274.356481,298.170710,437.400522,39.282521,-29.987073,0.000000,0.149718
0.010000,274.743505,298.228574,437.791848,38.982650,-29.987073,0.000000,0.147104
0.010000,275.127712,298.284996,438.180175,38.682779,-29.987073,0.000000,0.144521
0.010000,275.509094,298.340003,438.565503,38.382909,-29.987073,-0.000000,0.141968
0.010000,275.887645,298.393622,438.947833,38.083038,-29.987073,0.000000,0.139446
0.010000,276.263359,298.445878,439.327164,37.783167,-29.987073,0.000000,0.136954
0.010000,276.636230,298.496798,439.703496,37.483296,-29.987073,-0.000000,0.134491
0.010000,277.006253,298.546406,440.076830,37.183426,-29.987073,0.000000,0.132058
0.010000,277.373422,298.594729,440.447165,36.883555,-29.987073,0.000000,0.129655
0.010000,277.737731,298.641789,440.814501,36.583684,-29.987073,-0.000000,0.127280
0.010000,278.099175,298.687613,441.178838,36.283813,-29.987073,0.000000,0.124934
0.010000,278.457750,298.732223,441.540177,35.983943,-29.987073,-0.000000,0.122617
0.010000,278.813449,298.775644,441.898517,35.684072,-29.987073,0.000000,0.120328
0.010000,279.166269,298.817900,442.253859,35.384201,-29.987073,0.000000,0.118067
0.010000,279.516205,298.859012,442.606201,35.084331,-29.987073,0.000000,0.115833
0.010000,279.863252,298.899004,442.955545,34.784460,-29.987073,0.000000,0.113628
0.010000,280.207406,298.937899,443.301890,34.484589,-29.987073,0.000000,0.111449
0.010000,280.548664,298.975718,443.645237,34.184718,-29.987073,-0.000000,0.109298
0.010000,280.887020,299.012484,443.985585,33.884848,-29.987073,0.000000,0.107174
0.010000,281.222471,299.048218,444.322934,33.584977,-29.987073,-0.000000,0.105076
0.010000,281.555013,299.082941,444.657284,33.285106,-29.987073,0.000000,0.103005
0.010000,281.884644,299.116674,444.988636,32.985235,-29.987073,0.000000,0.100960
0.010000,282.211358,299.149438,445.316989,32.685365,-29.987073,0.000000,0.098940
0.010000,282.535153,299.181253,445.642343,32.385494,-29.987073,-0.000000,0.096947
0.010000,282.856025,299.212140,445.964699,32.085623,-29.987073,0.000000,0.094979
0.010000,283.173972,299.242118,446.284056,31.785753,-29.987073,0.000000,0.093037
0.010000,283.488990,299.271206,446.600414,31.485882,-29.987073,-0.000000,0.091119
0.010000,283.801076,299.299424,446.913773,31.186011,-29.987073,-0.000000,0.089227
0.010000,284.110228,299.326791,447.224134,30.886140,-29.987073,0.000000,0.087359
0.010000,284.416442,299.353325,447.531496,30.586270,-29.987073,-0.000000,0.085515
0.010000,284.719717,299.379045,447.835860,30.286399,-29.987073,0.000000,0.083696
0.010000,285.020049,299.403969,448.137224,29.986528,-29.987073,0.000000,0.081901
0.010000,285.317437,299.428115,448.435590,29.686657,-29.987073,0.000000,0.080130
0.010000,285.611877,299.451500,448.730957,29.386787,-29.987073,-0.000000,0.078383
0.010000,285.903367,299.474142,449.023326,29.086916,-29.987073,0.000000,0.076659
0.010000,286.191906,299.496057,449.312696,28.787045,-29.987073,-0.000000,0.074958
0.010000,286.477490,299.517264,449.599067,28.487175,-29.987073,0.000000,0.073281
0.010000,286.760119,299.537777,449.882439,28.187304,-29.987073,0.000000,0.071627
0.010000,287.039790,299.557614,450.162813,27.887433,-29.987073,0.000000,0.069995
0.010000,287.316502,299.576790,450.440188,27.587562,-29.987073,-0.000000,0.068386
0.010000,287.590251,299.595321,450.714564,27.287692,-29.987073,0.000000,0.066799
0.010000,287.861038,299.613224,450.985942,26.987821,-29.987073,-0.000000,0.065234
0.010000,288.128859,299.630512,451.254321,26.687950,-29.987073,0.000000,0.063692
0.010000,288.393714,299.647202,451.519701,26.388079,-29.987073,-0.000000,0.062172
0.010000,288.655601,299.663308,451.782082,26.088209,-29.987073,0.000000,0.060673
0.010000,288.914518,299.678844,452.041465,25.788338,-29.987073,-0.000000,0.059195
0.010000,289.170464,299.693826,452.297849,25.488467,-29.987073,0.000000,0.057740
0.010000,289.423437,299.708266,452.551234,25.188596,-29.987073,0.000000,0.056305
0.010000,289.673437,299.722180,452.801621,24.888726,-29.987073,0.000000,0.054891
0.010000,289.920461,299.735581,453.049009,24.588855,-29.987073,-0.000000,0.053499
0.010000,290.164510,299.748482,453.293398,24.288984,-29.987073,0.000000,0.052127
0.010000,290.405581,299.760896,453.534788,23.989114,-29.987073,-0.000000,0.050776
0.010000,290.643673,299.772837,453.773180,23.689243,-29.987073,0.000000,0.049445
0.010000,290.878786,299.784317,454.008573,23.389372,-29.987073,-0.000000,0.048135
0.010000,291.110919,299.795349,454.240968,23.089501,-29.987073,0.000000,0.046844
0.010000,291.340069,299.805945,454.470363,22.789631,-29.987073,0.000000,0.045574
0.010000,291.566238,299.816118,454.696760,22.489760,-29.987073,-0.000000,0.044324
0.010000,291.789423,299.825880,454.920159,22.189889,-29.987073,0.000000,0.043093
0.010000,292.009623,299.835241,455.140558,21.890018,-29.987073,0.000000,0.041883
0.010000,292.226839,299.844214,455.357959,21.590148,-29.987073,-0.000000,0.040691
0.010000,292.441068,299.852810,455.572361,21.290277,-29.987073,0.000000,0.039519
0.010000,292.652312,299.861041,455.783764,20.990406,-29.987073,0.000000,0.038366
0.010000,292.860567,299.868917,455.992169,20.690536,-29.987073,-0.000000,0.037233
0.010000,293.065835,299.876448,456.197575,20.390665,-29.987073,0.000000,0.036118
0.010000,293.268115,299.883646,456.399982,20.090794,-29.987073,0.000000,0.035022
0.010000,293.467405,299.890521,456.599391,19.790923,-29.987073,0.000000,0.033945
0.010000,293.663705,299.897083,456.795801,19.491053,-29.987073,-0.000000,0.032887
0.010000,293.857015,299.903342,456.989212,19.191182,-29.987073,0.000000,0.031847
0.010000,294.047334,299.909308,457.179625,18.891311,-29.987073,0.000000,0.030825
0.010000,294.234661,299.914990,457.367038,18.591440,-29.987073,-0.000000,0.029822
0.010000,294.418997,299.920398,457.551453,18.291570,-29.987073,0.000000,0.028837
0.010000,294.600340,299.925541,457.732870,17.991699,-29.987073,0.000000,0.027870
0.010000,294.778691,299.930428,457.911287,17.691828,-29.987073,-0.000000,0.026921
0.010000,294.954049,299.935068,458.086706,17.391958,-29.987073,0.000000,0.025990
0.010000,295.126413,299.939470,458.259126,17.092087,-29.987073,0.000000,0.025076
0.010000,295.295783,299.943642,458.428548,16.792216,-29.987073,0.000000,0.024180
0.010000,295.462159,299.947593,458.594971,16.492345,-29.987073,-0.000000,0.023302
0.010000,295.625540,299.951330,458.758395,16.192475,-29.987073,0.000000,0.022442
0.010000,295.785927,299.954862,458.918820,15.892604,-29.987073,0.000000,0.021598
0.010000,295.943318,299.958197,459.076247,15.592733,-29.987073,-0.000000,0.020772
0.010000,296.097714,299.961342,459.230675,15.292862,-29.987073,0.000000,0.019963
0.010000,296.249114,299.964305,459.382104,14.992992,-29.987073,0.000000,0.019172
0.010000,296.397518,299.967093,459.530535,14.693121,-29.987073,-0.000000,0.018397
0.010000,296.542927,299.969714,459.675967,14.393250,-29.987073,0.000000,0.017639
0.010000,296.685339,299.972173,459.818400,14.093380,-29.987073,-0.000000,0.016899
0.010000,296.824754,299.974479,459.957834,13.793509,-29.987073,0.000000,0.016175
0.010000,296.961173,299.976637,460.094270,13.493638,-29.987073,0.000000,0.015467
0.010000,297.094594,299.978655,460.227707,13.193767,-29.987073,-0.000000,0.014776
0.010000,297.225019,299.980538,460.358145,12.893897,-29.987073,0.000000,0.014102
0.010000,297.352447,299.982294,460.485585,12.594026,-29.987073,-0.000000,0.013445
0.010000,297.476877,299.983927,460.610026,12.294155,-29.987073,0.000000,0.012803
0.010000,297.598310,299.985444,460.731468,11.994284,-29.987073,0.000000,0.012179
0.010000,297.716745,299.986850,460.849912,11.694414,-29.987073,-0.000000,0.011570
0.010000,297.832182,299.988151,460.965356,11.394543,-29.987073,0.000000,0.010978
0.010000,297.944622,299.989353,461.077802,11.094672,-29.987073,-0.000000,0.010401
0.010000,298.054064,299.990461,461.187250,10.794801,-29.987073,0.000000,0.009841
0.010000,298.160507,299.991480,461.293698,10.494931,-29.987073,-0.000000,0.009297
0.010000,298.263953,299.992414,461.397148,10.195060,-29.987073,0.000000,0.008769
0.010000,298.364401,299.993269,461.497600,9.895189,-29.987073,0.000000,0.008257
0.010000,298.461850,299.994050,461.595052,9.595319,-29.987073,-0.000000,0.007760
0.010000,298.556301,299.994760,461.689506,9.295448,-29.987073,0.000000,0.007280
0.010000,298.647754,299.995404,461.780961,8.995577,-29.987073,-0.000000,0.006815
0.010000,298.736209,299.995987,461.869418,8.695706,-29.987073,0.000000,0.006366
0.010000,298.821665,299.996513,461.954875,8.395836,-29.987073,0.000000,0.005932
0.010000,298.904122,299.996985,462.037334,8.095965,-29.987073,-0.000000,0.005515
0.010000,298.983582,299.997407,462.116795,7.796094,-29.987073,0.000000,0.005112
0.010000,299.060042,299.997783,462.193256,7.496223,-29.987073,0.000000,0.004726
0.010000,299.133504,299.998117,462.266719,7.196353,-29.987073,0.000000,0.004354
0.010000,299.203968,299.998411,462.337183,6.896482,-29.987073,-0.000000,0.003999
0.010000,299.271433,299.998669,462.404649,6.596611,-29.987073,0.000000,0.003658
0.010000,299.335899,299.998895,462.469115,6.296741,-29.987073,0.000000,0.003333
0.010000,299.397367,299.999090,462.530583,5.996870,-29.987073,0.000000,0.003024
0.010000,299.455836,299.999258,462.589053,5.696999,-29.987073,-0.000000,0.002729
0.010000,299.511307,299.999402,462.644523,5.397128,-29.987073,0.000000,0.002450
0.010000,299.563778,299.999523,462.696995,5.097258,-29.987073,0.000000,0.002187
0.010000,299.613251,299.999626,462.746469,4.797387,-29.987073,0.000000,0.001938
0.010000,299.659726,299.999710,462.792943,4.497516,-29.987073,-0.000000,0.001705
0.010000,299.703202,299.999780,462.836419,4.197645,-29.987073,0.000000,0.001487
0.010000,299.743679,299.999836,462.876896,3.897775,-29.987073,0.000000,0.001284
0.010000,299.781157,299.999880,462.914374,3.597904,-29.987073,-0.000000,0.001096
0.010000,299.815637,299.999915,462.948854,3.298033,-29.987073,0.000000,0.000923
0.010000,299.847118,299.999942,462.980335,2.998163,-29.987073,0.000000,0.000765
0.010000,299.875600,299.999961,463.008817,2.698292,-29.987073,-0.000000,0.000622
0.010000,299.901083,299.999976,463.034301,2.398421,-29.987073,0.000000,0.000495
0.010000,299.923568,299.999985,463.056786,2.098550,-29.987073,-0.000000,0.000382
0.010000,299.943055,299.999992,463.076272,1.798680,-29.987073,-0.000000,0.000285
0.010000,299.959542,299.999996,463.092759,1.498809,-29.987073,0.000000,0.000202
0.010000,299.973031,299.999998,463.106248,1.198938,-29.987073,0.000000,0.000135
0.010000,299.983521,299.999999,463.116738,0.899067,-29.987073,0.000000,0.000082
0.010000,299.991013,300.000000,463.124230,0.599306,-29.976178,1.089488,0.000045
0.010000,299.995807,300.000000,463.129024,0.359518,-23.978763,599.741458,0.000021
0.010000,299.998503,300.000000,463.131720,0.179705,-17.981349,599.741458,0.000007
0.010000,299.999701,300.000000,463.132918,0.059865,-11.983934,599.741458,0.000001
0.010000,300.000000,300.000000,463.133217,0.000000,-5.986520,599.741458,6.283185
0.010000,300.000000,300.000000,463.133217,0.000000,0.000000,598.651970,6.283185
